ID,Name,Parent ID
1000,H2,0
11000,Operations,1000
12000,Power,1000
12001,DCPU160A,12000
12002,DCPU160B,12000
12003,DCPU200A,12000
12004,DCPU200B,12000
12005,DCPU240A,12000
12006,DCPU240B,12000
12007,DCPU280A,12000
12008,DCPU280B,12000
12009,PDC1,12000
13000,BOP,1000
13001,MakeupWater,13000
13002,AnodeSep,13000
13003,AnodeSupply,13000
13004,CathodeSep,13000
13005,CathodeSupply,13000
13006,H2Treatment,13000
13007,H2Vent,13000
13008,O2Vent,13000
14000,Aux,1000
14001,AirSupply,14000
14002,N2Supply,14000
14003,DCPUCooling,14000
14004,Chiller,14000
14005,DryCoolers1,14000
14006,DryCoolers2,14000
14007,DryCoolers3,14000
14008,CoolingPumps,14000
15000,SIS,1000
16000,Stacks,1000
16001,StackString1,16000
16002,StackString2,16000
16003,StackString3,16000
16004,StackString4,16000
16005,StackString5,16000
16006,StackString6,16000
16007,StackString7,16000
16008,StackString8,16000
17000,Detectors,1000
17001,Detectors160,17000
17002,Detectors200,17000
17003,Detectors240,17000
17004,Detectors280,17000
17005,SpanZeroGasSupply,17000
17006,O2InH2,17000
17007,H2InO2,17000
4000,WTP,0
4038,WTP_4038,4000
4042,WTP_4042,4000
4044,WTP_4044,4000
4045,WTP_4045,4000
